CREATE DATABASE LIBRARY_MANAGEMENT;
USE LIBRARY_MANAGEMENT;

-- TABLE TO STORE AUTHORS DETAILS
CREATE TABLE AUTHORS(
    AUTHOR_ID INT PRIMARY KEY,
    NAME VARCHAR(100) NOT NULL,
    EMAIL VARCHAR(100)
);

-- TABLE TO STORE BOOKS DETAILS 
CREATE TABLE BOOKS(
    BOOK_ID INT PRIMARY KEY,
    TITLE VARCHAR(100) NOT NULL,
    AUTHOR_ID INT,
    CATEGORY VARCHAR(50),
    ISBN VARCHAR(20),
    PUBLISHED_DATE DATE,
    PRICE DECIMAL(10,2),
    FOREIGN KEY (AUTHOR_ID) REFERENCES AUTHORS(AUTHOR_ID)
);

-- TABLE TO STORE MEMBERS DETAILS
CREATE TABLE MEMBERS(
    MEMBER_ID INT PRIMARY KEY,
    NAME VARCHAR(100) NOT NULL,
    EMAIL VARCHAR(100),
    PHONE_NUMBER VARCHAR(15),
    MEMBERSHIP_DATE DATE
);

-- TABLE TO STORE TRANSACTION DETAILS
CREATE TABLE TRANSACTIONS(
    TRANSACTION_ID INT PRIMARY KEY,
    MEMBER_ID INT,
    BOOK_ID INT,
    BORROW_DATE DATE,
    RETURN_DATE DATE,
    FINE_AMOUNT DECIMAL(10,2),
    FOREIGN KEY (MEMBER_ID) REFERENCES MEMBERS(MEMBER_ID) ON DELETE CASCADE,
    FOREIGN KEY (BOOK_ID) REFERENCES BOOKS(BOOK_ID) ON DELETE CASCADE
);

-- INSERT DATA
-- Authors 
INSERT INTO AUTHORS VALUES
(1, 'J.K. Rowling ', 'jkrowling@email.com'),
(2, 'George Orwell', ''),
(3, 'Jane Austen', 'austen@email.com'),
(4, ' Mark Twain', 'twain@email.com'),
(5, 'Agatha Christie', 'christie@email.com'),
(6, 'Leo Tolstoy', 'tolstoy@email.com'),
(7, 'Charles Dickens', 'dickens@email.com'),
(8, 'Ernest Hemingway', 'hemingway@email.com'),
(9, 'F. Scott Fitzgerald', 'fitzgerald@email.com'),
(10, 'Arthur Conan Doyle', 'doyle@email.com');

-- Books 
INSERT INTO BOOKS VALUES
(101, 'Harry Potter', 1, 'Fantasy', '9780747532743', '1997-06-26', 499.00),
(102, '1984', 2, 'Dystopian', '9780451524935', '1949-06-08', 299.00),
(103, 'Pride and Prejudice', 3, 'Romance', '9780141439518', '1813-01-28', 399.00),
(104, 'Adventures of Tom Sawyer', 4, 'Adventure', '9780143039563', '1876-01-01', 250.00),
(105, 'Murder on the Orient Express', 5, 'Mystery', '9780007119318', '1934-01-01', 350.00),
(106, 'War and Peace', 6, 'Historical', '9780199232765', '1869-01-01', 600.00),
(107, 'Great Expectations', 7, 'Classic', '9780141439563', '1861-01-01', 320.00),
(108, 'The Old Man and the Sea', 8, 'Fiction', '9780684801223', '1952-01-01', 280.00),
(109, 'The Great Gatsby', 9, 'Classic', '9780743273565', '1925-01-01', 300.00),
(110, 'Sherlock Holmes: A Study in Scarlet', 10, 'Detective', '9780451526342', '1887-01-01', 270.00);

-- Members 
INSERT INTO MEMBERS VALUES
(201, 'Alice', 'alice@email.com', '9876543210', '2024-01-15'),
(202, 'Bob', 'bob@email.com', '9123456780', '2024-02-20'),
(203, 'Charlie', 'charlie@email.com', '9988776655', '2024-03-10'),
(204, 'David', 'david@email.com', '9112233445', '2024-04-05'),
(205, 'Eva', 'eva@email.com', '9001122334', '2024-05-12'),
(206, 'Frank', 'frank@email.com', '9223344556', '2024-06-18'),
(207, 'Grace', 'grace@email.com', '9334455667', '2024-07-22'),
(208, 'Hannah', 'hannah@email.com', '9445566778', '2024-08-30'),
(209, 'Ian', 'ian@email.com', '9556677889', '2024-09-14'),
(210, 'Julia', 'julia@email.com', '9667788990', '2024-10-01');

-- Transactions 
INSERT INTO TRANSACTIONS VALUES
(301, 201, 101, '2025-01-10', '2025-01-20', 0.00),
(302, 202, 102, '2025-02-05', '2025-02-15', 20.00),
(303, 203, 103, '2025-03-01', '2025-03-12', 0.00),
(304, 204, 104, '2025-03-15', '2025-03-25', 10.00),
(305, 205, 105, '2025-04-01', '2025-04-10', 0.00),
(306, 206, 106, '2025-04-20', '2025-05-01', 50.00),
(307, 207, 107, '2025-05-05', '2025-05-15', 0.00),
(308, 208, 108, '2025-06-01', '2025-06-12', 15.00),
(309, 209, 109, '2025-06-20', '2025-06-30', 0.00),
(310, 210, 110, '2025-07-01', '2025-07-10', 25.00);

-- ===========================TASKS AND FUNCTIONALITY======================================================

-- ========== 1. IMPLEMENTS CRUD OPERATIONS ========== 

-- * INSERT NEW BOOK, AUTHORS AND MEMBERS IN DATABASE.
INSERT INTO AUTHORS VALUES
(11, 'New Author', 'newauthors@email.com');

INSERT INTO BOOKS VALUES
(111, 'New Book', 11, 'Genre', '9781234567890', '2025-01-01', 450.00);

INSERT INTO MEMBERS VALUES
(211, 'New Member', 'newmember@email.com', '9876543210', '2025-01-01');

-- * UPDATE BOOK AVAILABILITY AFTER BOOK IS BOROWED OR RETURNED.
ALTER TABLE BOOKS
ADD COLUMN AVAILABILITY BOOLEAN DEFAULT TRUE;

UPDATE BOOKS
SET AVAILABILITY = FALSE
WHERE BOOK_ID = 101;

UPDATE BOOKS
SET AVAILABILITY = TRUE
WHERE BOOK_ID = 101;

-- * DELETE MEMBERS WHO HAVEN'T BORROWED ANY BOOKS IN LAST 1 YEAR.
DELETE FROM MEMBERS
WHERE MEMBER_ID NOT IN (
    SELECT * FROM (
        SELECT MEMBER_ID
        FROM TRANSACTIONS
        WHERE BORROW_DATE >= DATE_SUB(CURDATE(), INTERVAL 1 YEAR)
    ) AS TEMP_TABLE
);

-- * RETRIEVE ALL BOOKS WITH AVAILABLE COPYS.
SELECT * FROM BOOKS
WHERE AVAILABILITY = TRUE;

-- ========== 2. USE SQL CALUSES ( WHERE, HAVING, LIMIT ) ========== 

-- * GET BOOK PUBLISHED AFTER THE YEAR 2015.
SELECT * FROM BOOKS
WHERE PUBLISHED_DATE > '2015-01-01';

-- * RETRIEVE THE TOP 5 MOST EXPENSIVE BOOKS.
SELECT * FROM BOOKS
ORDER BY PRICE DESC
LIMIT 5;

-- * FIND MEMBER WHO JOINED BEFORE 2022.
SELECT * FROM MEMBERS
WHERE MEMBERSHIP_DATE < '2022-01-01';

-- ========== 3. APPLY SQL OPERATORS ( AND, OR, NOT ) ========== 

-- * GET BOOKS WHERE CATEGORY = 'SCIENCE' AND PRICE < 500.
SELECT * FROM BOOKS
WHERE CATEGORY = 'SCIENCE' AND PRICE < 500;

-- * FIND ALL BOOKS THAT ARE NOT AVAILABLE FOR BORROWING.
SELECT * FROM BOOKS
WHERE AVAILABILITY = FALSE;

-- * LIST MEMBERS WHO JOINED AFTER 2020 OR HAVE BORROWED MORE THAN 3 BOOKS.
SELECT * FROM MEMBERS
WHERE MEMBERSHIP_DATE > '2020-01-01' OR MEMBER_ID IN(
    SELECT MEMBER_ID
    FROM TRANSACTIONS
    GROUP BY MEMBER_ID
    HAVING COUNT(BOOK_ID) > 3
);

-- ========== 4. SORTING & GROUPING DAT ( ORDER BY, GROUP BY ) ========== 

-- * LIST ALL BOOKS SORTED BY TITLE AND ALPHABTICAL ORDER.
SELECT * FROM BOOKS
ORDER BY TITLE ASC;

-- * DISPLAY THE NUMBER OF BOOKS BORROWED BY EACH MEMBERS.
SELECT MEMBER_ID, COUNT(BOOK_ID) AS BOOK_BORROWED
FROM TRANSACTIONS
GROUP BY MEMBER_ID;

-- * GROUP BOOKS BY CATEGORY AND SHOW THE TOTAL COUNT.
SELECT CATEGORY, COUNT(BOOK_ID) AS TOTAL_BOOKS
FROM BOOKS
GROUP BY CATEGORY;

-- ========== 5. USE AGREGATE FUNCTIONS ( SUM, AVG, MAX, MIN, COUNT ) ========== 

-- * FIND THE TOTAL NUMBER OF BOOKS IN EACH CATEGORY.
SELECT CATEGORY, COUNT(BOOK_ID) AS TOTAL_BOOKS
FROM BOOKS
GROUP BY CATEGORY;

-- * CALCULATE THE AVERAGE PRICE OF BOOKS IN THE LIBRARY.
SELECT AVG(PRICE) AS AVERAGE_PRICE
FROM BOOKS;

-- * IDENTIFY THE MOST BORROWED BOOK.
SELECT BOOK_ID, COUNT(BOOK_ID) AS BORROW_COUNT
FROM TRANSACTIONS
GROUP BY BOOK_ID
ORDER BY BORROW_COUNT DESC
LIMIT 1;

-- ========== 6. ESTABLISH PRIMARY & FOREIGN KEY RELATIONSHIPS ========== 

-- * ENSURE BOOKS ARE LIMMITED TO AUTHORS
--"AUTHOR_ID in the BOOKS table is defined as a foreign key that references AUTHOR_ID in the AUTHORS table. 
--This ensures referential integrity and restricts books to valid authors only."

-- * ESTABLISH RELATIONSHIPS BETWEEN MEMBERS AND THEIR TRANSACTIONS.
--"The relationship between MEMBERS and TRANSACTIONS is already established by defining MEMBER_ID as a foreign key in the TRANSACTIONS table,
 -- which references the MEMBERS table."

-- ========== 7. IMPLEMENT JOINS ========== 

-- * RETRIEVE A LIST OF BOOKS ALONG WITH THEIR RESPECTIVE AUTHORS NAMES USING INNER JOIN.
SELECT B.TITLE, A.NAME AS AUTHOR_NAME
FROM BOOKS B
INNER JOIN AUTHORS A 
ON B.AUTHOR_ID = A.AUTHOR_ID;

-- * GET DETAILS OF MEMBERS WHO HAVE BORROWED BOOKS USING LEFT JOIN.
SELECT M.NAME AS MEMBER_NAME,
    T.BOOK_ID, 
    T.BORROW_DATE
FROM MEMBERS M
LEFT JOIN TRANSACTIONS T
ON M.MEMBER_ID = T.MEMBER_ID
WHERE T.BOOK_ID IS NOT NULL;

-- * FIND BOOKS THAT HAVEN'T BEEN BORROWED USING RIGHT JOIN.
SELECT B.TITLE AS BOOK_TITLE
FROM BOOKS B
LEFT JOIN TRANSACTIONS T
ON B.BOOK_ID = T.BOOK_ID
WHERE T.BOOK_ID IS NULL;

-- * SHOW MEMBERS WHO HAVE NEVER BORROWED A BOOK USING FULL OUTER JOIN.
    -- Note: MySQL does not support FULL OUTER JOIN directly,
    -- so it is implemented using LEFT JOIN and RIGHT JOIN with UNION.
SELECT M.NAME, T.BOOK_ID
FROM MEMBERS M
LEFT JOIN TRANSACTIONS T ON M.MEMBER_ID = T.MEMBER_ID

UNION

SELECT M.NAME, T.BOOK_ID
FROM MEMBERS M
RIGHT JOIN TRANSACTIONS T ON M.MEMBER_ID = T.MEMBER_ID;

-- ========== 8. USE SUBQUERIES ========== 

-- * FIND BOOKS THAT WERE BORROWED BY MEMBERS WHO REGISTERED AFTER 2022.
SELECT BOOK_ID
FROM TRANSACTIONS
WHERE MEMBER_ID IN(
    SELECT MEMBER_ID
    FROM MEMBERS
    WHERE MEMBERSHIP_DATE > '2022-01-01'
);

-- * IDENTIFY THE MOST BORROWED BOOK USING A SUBQUERY.
SELECT BOOK_ID
FROM TRANSACTIONS
GROUP BY BOOK_ID
HAVING COUNT(BOOK_ID) =(
    SELECT MAX(BORROW_COUNT)
    FROM(
        SELECT BOOK_ID, COUNT(BOOK_ID) AS BORROW_COUNT
        FROM TRANSACTIONS
        GROUP BY BOOK_ID
    )
);

-- * GET MEMBERS WHO HAVE NEVER BORROWED BOOK.
SELECT NAME
FROM MEMBERS
WHERE MEMBER_ID NOT IN(
    SELECT MEMBER_ID
    FROM TRANSACTIONS
);

-- ========== 9. IMPLEMENT DATE & TIME FUNCTIONS ==========  

-- * EXTRACT THE YEAR FROM PUBLISHED_DATE TO COUNT BOOKS BY PUBLICATION YEAR.
SELECT YEAR(PUBLISHED_DATE) AS PUBLICATION_YEAR, 
    COUNT(BOOK_ID) AS TOTAL_BOOKS
FROM BOOKS
GROUP BY PUBLICATION_YEAR;

-- * FIND THE DIFFERENCE IN YEAR BETWEEN BORROW_DATE AND RETURN_DATE TO CALCULATE LATE RETURN FINES.
SELECT TRANSACTION_ID,
       MEMBER_ID,
       BOOK_ID,
       BORROW_DATE,
       RETURN_DATE,
       DATEDIFF(RETURN_DATE, BORROW_DATE) AS DAYS_DIFF
FROM TRANSACTIONS;

-- * FORMAT BORROW_DATE AS DD-MM-YYYY.
SELECT TRANSACTION_ID,
       MEMBER_ID,
       BOOK_ID,
       DATE_FORMAT(BORROW_DATE, '%d-%m-%Y') AS BORROW_DATE_FORMATTED,
       DATE_FORMAT(RETURN_DATE, '%d-%m-%Y') AS RETURN_DATE_FORMATTED
FROM TRANSACTIONS;

-- ========== 10. USE STRING MANIPULATION FUNCTIONS ==========

-- * CONVERT ALL BOOKS TITLE TO UPPERCASE.
SELECT UPPER(TITLE) AS TITLE_UPPER FROM BOOKS;

-- * TRIM WHITE SPACE FROM AUTHOR NAMES.
SELECT TRIM(NAME) AS AUTHOR_NAME_TRIMMED FROM AUTHORS;

-- * REPLACE MISSING EMAIL VALUES WITH "NOT PROVIDED".
SELECT NAME,
         CASE 
              WHEN EMAIL IS NULL OR EMAIL = '' THEN 'NOT PROVIDED'
              ELSE EMAIL
         END AS EMAIL_STATUS
FROM AUTHORS;

-- ========== 11. IMPLEMENT WINDOW FUNCTIONS ==========

-- * RANK BOOKS BASED ON NUMBER OF TIMES THEY HAVE BEEN BORROWED.
SELECT BOOK_ID,
        COUNT(BOOK_ID) AS BORROW_COUNT,
        RANK() OVER(ORDER BY COUNT(BOOK_ID) DESC) AS BORROW_RANK
FROM TRANSACTIONS
GROUP BY BOOK_ID;

-- * SHOW THE CUMULATIVE NUMBER OF BOOKS BORROWED PER NUMBER.
SELECT MEMBER_ID,
    BORROW_COUNT,
    SUM(BORROW_COUNT) OVER(ORDER BY MEMBER_ID) AS CUMULATIVE_BORROW
    FROM (
        SELECT MEMBER_ID, COUNT(BOOK_ID) AS BORROW_COUNT
        FROM TRANSACTIONS
        GROUP BY MEMBER_ID
    ) AS TEMP
ORDER BY MEMBER_ID;

-- * DISPLAY THE MOVING AVG OF THE BOOKS BORROWED IN THE LAST 3 MONTHS.
SELECT BORROW_DATE,
    BORROW_COUNT,
    AVG(BORROW_COUNT) OVER(ORDER BY BORROW_DATE ROWS BETWEEN 2 PRECEDING AND CURRENT ROW) AS MOVING_AVG
    FROM (
        SELECT BORROW_DATE, COUNT(BOOK_ID) AS BORROW_COUNT
        FROM TRANSACTIONS
        GROUP BY BORROW_DATE
    ) AS TEMP
ORDER BY BORROW_DATE;

-- ========== 12. APPLY CASE EXPRESSION ==========

-- * ASSIGN A MEMBERSHIP_STATUS COLUMN WITH VALUES:
    -- - 'ACTIVE' IF MEMBER HAS BORROWED A BOOK IN LAST 6 MONTHS.
    -- - 'INACTIVE' IF MEMBER HAS NOT BORROWED A BOOK IN LAST 6 MONTHS.
SELECT MEMBER_ID,
        NAME,
        CASE 
             WHEN MEMBER_ID IN(
                 SELECT MEMBER_ID
                 FROM TRANSACTIONS
                 WHERE BORROW_DATE >= DATE_SUB(CURDATE(), INTERVAL 6 MONTH)
             ) THEN 'ACTIVE'
             ELSE 'INACTIVE'
        END AS MEMBERSHIP_STATUS
FROM MEMBERS;

-- * CATEGORIZE BOOKS:
    -- - 'NEW_ARRIVAL' IF THE BOOK PUBLISHED AFTER 2020.
    -- - 'CLASSIC' IF THE BOOK PUBLISHED BEFORE 2000.
    -- - 'REGULAR' FOR ALL OTHER BOOKS.
SELECT BOOK_ID,
        TITLE,
        CASE 
             WHEN PUBLISHED_DATE > '2020-01-01' THEN 'NEW_ARRIVAL'
             WHEN PUBLISHED_DATE < '2000-01-01' THEN 'CLASSIC'
             ELSE 'REGULAR'
        END AS BOOK_CATEGORY
FROM BOOKS;
